Position	WT_residue	Mutant_residue	Read counts at MIDs(1 to 4) --->
1	M	C	0	0	0	0
2	Q	C	0	0	0	0
3	F	C	0	0	0	0
4	K	C	10	17	418	1162
5	V	C	0	0	0	0
6	Y	C	0	1	3	9
7	T	C	13	15	682	1673
8	Y	C	1	1	0	1
9	K	C	0	0	0	1
10	R	C	0	0	0	1
11	E	C	20	26	622	1638
12	S	C	1	0	1	6
13	S	C	8	14	581	1441
14	Y	C	0	1	1	6
15	R	C	14	34	403	1121
16	L	C	0	0	0	0
17	F	C	0	0	2	4
18	V	C	0	0	0	0
19	D	C	1	0	1	1
20	V	C	1	0	0	1
21	Q	C	0	0	0	0
22	S	C	1	0	0	6
23	D	C	72	1895	631	1489
24	I	C	0	0	1	3
25	I	C	0	1	0	1
26	D	C	5	16	355	891
27	T	C	0	0	0	0
28	P	C	0	0	0	0
29	R	C	15	20	424	1039
30	R	C	0	0	0	0
31	R	C	0	0	0	0
32	M	C	0	0	0	0
33	V	C	0	0	0	1
34	I	C	1	0	0	2
35	P	C	0	0	0	0
36	L	C	0	0	0	0
37	A	C	0	0	0	0
38	S	C	34	34	548	1471
39	A	C	0	0	0	0
40	R	C	1	0	0	8
41	L	C	28	28	364	885
42	L	C	1	0	1	0
43	S	C	1	0	0	1
44	D	C	0	0	1	0
45	K	C	48	55	637	1278
46	V	C	0	1	0	1
47	S	C	0	0	0	2
48	R	C	7	5	3	13
49	E	C	1481	713	523	1199
50	L	C	0	0	0	1
51	Y	C	3	2	1	3
52	P	C	0	0	0	0
53	V	C	1	0	0	0
54	V	C	0	0	0	0
55	H	C	107	93	67	1448
56	I	C	0	0	0	0
57	G	C	0	0	0	0
58	D	C	106	71	43	1181
59	E	C	0	0	0	0
60	S	C	174	181	727	1263
61	W	C	3	3	3	8
62	R	C	8	8	3	7
63	M	C	0	0	0	1
64	M	C	191	158	597	1138
65	T	C	0	0	0	0
66	T	C	0	1	0	0
67	D	C	131	179	21	58
68	M	C	0	0	1	0
69	A	C	1	0	0	0
70	S	C	3	2	0	3
71	V	C	1	0	0	0
72	P	C	0	0	0	0
73	V	C	0	1	0	0
74	S	C	227	194	602	990
75	V	C	0	1	0	0
76	I	C	0	0	0	0
77	G	C	0	0	0	0
78	E	C	152	173	455	755
79	E	C	0	0	0	0
80	V	C	0	0	0	0
81	A	C	0	1	0	2
82	D	C	1	0	0	0
83	L	C	0	0	0	0
84	S	C	2	1	1	1
85	H	C	2	0	0	0
86	R	C	3	8	3	3
87	E	C	0	1	0	0
88	N	C	2	11	7	13
89	D	C	0	0	0	0
90	I	C	1	0	0	0
91	K	C	1	0	0	1
92	N	C	3446	3594	594	872
93	A	C	0	0	0	0
94	I	C	0	0	0	0
95	N	C	0	0	1	0
96	L	C	5365	436	637	1129
97	M	C	0	0	0	0
98	F	C	0	4	2	2
99	W	C	4	1	3	3
100	G	C	4685	4719	748	981
101	I	C	0	0	0	0
